{
  "project_info": {
    "project_number": "107423329123",
    "project_id": "book4u-5303c",
    "storage_bucket": "book4u-5303c.appspot.com"
  },
  "client": [
    {
      "client_info": {
        "mobilesdk_app_id": "1:107423329123:android:1885fd9357d7cdd25cc156",
        "android_client_info": {
          "package_name": "adi.Book4U"
        }
      },
      "oauth_client": [],
      "api_key": [
        {
          "current_key": "AIzaSyDu1fJsQ31D4hK964mh-dddsLboZgacp2Y"
        }
      ],
      "services": {
        "appinvite_service": {
          "other_platform_oauth_client": []
        }
      }
    },
    {
      "client_info": {
        "mobilesdk_app_id": "1:107423329123:android:58fc59e23fe8f6995cc156",
        "android_client_info": {
          "package_name": "com.example.book4u"
        }
      },
      "oauth_client": [],
      "api_key": [
        {
          "current_key": "AIzaSyDu1fJsQ31D4hK964mh-dddsLboZgacp2Y"
        }
      ],
      "services": {
        "appinvite_service": {
          "other_platform_oauth_client": []
        }
      }
    }
  ],
  "configuration_version": "1"
}